fitness,lr0,lrf,momentum,weight_decay,warmup_epochs,warmup_momentum,box,cls,dfl,hsv_h,hsv_s,hsv_v,degrees,translate,scale,shear,perspective,flipud,fliplr,mosaic,mixup,copy_paste
0.30642,0.01,0.01,0.937,0.0005,3.0,0.8,7.5,0.5,1.5,0.015,0.7,0.4,0.0,0.1,0.5,0.0,0.0,0.0,0.5,1.0,0.0,0.0
0.29718,0.0104,0.01,0.94374,0.0005,2.91576,0.78788,6.96549,0.5,1.34488,0.01359,0.64654,0.39376,0.0,0.08838,0.5,0.0,0.0,0.0,0.45956,0.88876,0.0,0.0
0.29918,0.0105,0.01,0.937,0.0005,3.0,0.8,7.5,0.62076,1.31727,0.01633,0.7182,0.35053,0.0,0.1,0.612,0.0,0.0,0.0,0.54179,1.0,0.0,0.0
0.30713,0.00735,0.00896,0.97588,0.0005,3.07957,0.8818,8.2637,0.48567,1.43687,0.015,0.64302,0.46466,0.0,0.10767,0.5,0.0,0.0,0.0,0.44552,0.89137,0.0,0.0
0.30103,0.00573,0.00991,0.92342,0.00041,1.94698,0.95,9.9369,0.48567,1.70298,0.01585,0.67514,0.41221,0.0,0.10344,0.54546,0.0,0.0,0.0,0.54056,1.0,0.0,0.0
